text,author,source,rm_html,rm_url,lower_case,rm_punc,rm_stopwords,prepro
“The world as we have created it is a process of our thinking. It cannot be changed without changing our thinking.”,Albert Einstein,html,“The world as we have created it is a process of our thinking. It cannot be changed without changing our thinking.”,“The world as we have created it is a process of our thinking. It cannot be changed without changing our thinking.”,“the world as we have created it is a process of our thinking. it cannot be changed without changing our thinking.”,“the world as we have created it is a process of our thinking it cannot be changed without changing our thinking”,“the world created process thinking cannot changed without changing thinking”,“the world creat process think cannot chang without chang thinking”
"“It is our choices, Harry, that show what we truly are, far more than our abilities.”",J.K. Rowling,html,"“It is our choices, Harry, that show what we truly are, far more than our abilities.”","“It is our choices, Harry, that show what we truly are, far more than our abilities.”","“it is our choices, harry, that show what we truly are, far more than our abilities.”",“it is our choices harry that show what we truly are far more than our abilities”,“it choices harry show truly far abilities”,“it choic harri show truli far abilities”
“There are only two ways to live your life. One is as though nothing is a miracle. The other is as though everything is a miracle.”,Albert Einstein,html,“There are only two ways to live your life. One is as though nothing is a miracle. The other is as though everything is a miracle.”,“There are only two ways to live your life. One is as though nothing is a miracle. The other is as though everything is a miracle.”,“there are only two ways to live your life. one is as though nothing is a miracle. the other is as though everything is a miracle.”,“there are only two ways to live your life one is as though nothing is a miracle the other is as though everything is a miracle”,“there two ways live life one though nothing miracle though everything miracle”,“there two way live life one though noth miracl though everyth miracle”
"“The person, be it gentleman or lady, who has not pleasure in a good novel, must be intolerably stupid.”",Jane Austen,html,"“The person, be it gentleman or lady, who has not pleasure in a good novel, must be intolerably stupid.”","“The person, be it gentleman or lady, who has not pleasure in a good novel, must be intolerably stupid.”","“the person, be it gentleman or lady, who has not pleasure in a good novel, must be intolerably stupid.”",“the person be it gentleman or lady who has not pleasure in a good novel must be intolerably stupid”,“the person gentleman lady pleasure good novel must intolerably stupid”,“the person gentleman ladi pleasur good novel must intoler stupid”
"“Imperfection is beauty, madness is genius and it's better to be absolutely ridiculous than absolutely boring.”",Marilyn Monroe,html,"“Imperfection is beauty, madness is genius and it's better to be absolutely ridiculous than absolutely boring.”","“Imperfection is beauty, madness is genius and it's better to be absolutely ridiculous than absolutely boring.”","“imperfection is beauty, madness is genius and it's better to be absolutely ridiculous than absolutely boring.”",“imperfection is beauty madness is genius and its better to be absolutely ridiculous than absolutely boring”,“imperfection beauty madness genius better absolutely ridiculous absolutely boring”,“imperfect beauti mad geniu better absolut ridicul absolut boring”
“Try not to become a man of success. Rather become a man of value.”,Albert Einstein,html,“Try not to become a man of success. Rather become a man of value.”,“Try not to become a man of success. Rather become a man of value.”,“try not to become a man of success. rather become a man of value.”,“try not to become a man of success rather become a man of value”,“try become man success rather become man value”,“tri becom man success rather becom man value”
“It is better to be hated for what you are than to be loved for what you are not.”,André Gide,html,“It is better to be hated for what you are than to be loved for what you are not.”,“It is better to be hated for what you are than to be loved for what you are not.”,“it is better to be hated for what you are than to be loved for what you are not.”,“it is better to be hated for what you are than to be loved for what you are not”,“it better hated loved not”,“it better hate love not”
"“I have not failed. I've just found 10,000 ways that won't work.”",Thomas A. Edison,html,"“I have not failed. I've just found 10,000 ways that won't work.”","“I have not failed. I've just found 10,000 ways that won't work.”","“i have not failed. i've just found 10,000 ways that won't work.”",“i have not failed ive just found 10000 ways that wont work”,“i failed ive found 10000 ways wont work”,“i fail ive found 10000 way wont work”
“A woman is like a tea bag; you never know how strong it is until it's in hot water.”,Eleanor Roosevelt,html,“A woman is like a tea bag; you never know how strong it is until it's in hot water.”,“A woman is like a tea bag; you never know how strong it is until it's in hot water.”,“a woman is like a tea bag; you never know how strong it is until it's in hot water.”,“a woman is like a tea bag you never know how strong it is until its in hot water”,“a woman like tea bag never know strong hot water”,“a woman like tea bag never know strong hot water”
"“A day without sunshine is like, you know, night.”",Steve Martin,html,"“A day without sunshine is like, you know, night.”","“A day without sunshine is like, you know, night.”","“a day without sunshine is like, you know, night.”",“a day without sunshine is like you know night”,“a day without sunshine like know night”,“a day without sunshin like know night”
"“This life is what you make it. No matter what, you're going to mess up sometimes, it's a universal truth. But the good part is you get to decide how you're going to mess it up. Girls will be your friends - they'll act like it anyway. But just remember, some come, some go. The ones that stay with you through everything - they're your true best friends. Don't let go of them. Also remember, sisters make the best friends in the world. As for lovers, well, they'll come and go too. And baby, I hate to say it, most of them - actually pretty much all of them are going to break your heart, but you can't give up because if you give up, you'll never find your soulmate. You'll never find that half who makes you whole and that goes for everything. Just because you fail once, doesn't mean you're gonna fail at everything. Keep trying, hold on, and always, always, always believe in yourself, because if you don't, then who will, sweetie? So keep your head high, keep your chin up, and most importantly, keep smiling, because life's a beautiful thing and there's so much to smile about.”",Marilyn Monroe,html,"“This life is what you make it. No matter what, you're going to mess up sometimes, it's a universal truth. But the good part is you get to decide how you're going to mess it up. Girls will be your friends - they'll act like it anyway. But just remember, some come, some go. The ones that stay with you through everything - they're your true best friends. Don't let go of them. Also remember, sisters make the best friends in the world. As for lovers, well, they'll come and go too. And baby, I hate to say it, most of them - actually pretty much all of them are going to break your heart, but you can't give up because if you give up, you'll never find your soulmate. You'll never find that half who makes you whole and that goes for everything. Just because you fail once, doesn't mean you're gonna fail at everything. Keep trying, hold on, and always, always, always believe in yourself, because if you don't, then who will, sweetie? So keep your head high, keep your chin up, and most importantly, keep smiling, because life's a beautiful thing and there's so much to smile about.”","“This life is what you make it. No matter what, you're going to mess up sometimes, it's a universal truth. But the good part is you get to decide how you're going to mess it up. Girls will be your friends - they'll act like it anyway. But just remember, some come, some go. The ones that stay with you through everything - they're your true best friends. Don't let go of them. Also remember, sisters make the best friends in the world. As for lovers, well, they'll come and go too. And baby, I hate to say it, most of them - actually pretty much all of them are going to break your heart, but you can't give up because if you give up, you'll never find your soulmate. You'll never find that half who makes you whole and that goes for everything. Just because you fail once, doesn't mean you're gonna fail at everything. Keep trying, hold on, and always, always, always believe in yourself, because if you don't, then who will, sweetie? So keep your head high, keep your chin up, and most importantly, keep smiling, because life's a beautiful thing and there's so much to smile about.”","“this life is what you make it. no matter what, you're going to mess up sometimes, it's a universal truth. but the good part is you get to decide how you're going to mess it up. girls will be your friends - they'll act like it anyway. but just remember, some come, some go. the ones that stay with you through everything - they're your true best friends. don't let go of them. also remember, sisters make the best friends in the world. as for lovers, well, they'll come and go too. and baby, i hate to say it, most of them - actually pretty much all of them are going to break your heart, but you can't give up because if you give up, you'll never find your soulmate. you'll never find that half who makes you whole and that goes for everything. just because you fail once, doesn't mean you're gonna fail at everything. keep trying, hold on, and always, always, always believe in yourself, because if you don't, then who will, sweetie? so keep your head high, keep your chin up, and most importantly, keep smiling, because life's a beautiful thing and there's so much to smile about.”",“this life is what you make it no matter what youre going to mess up sometimes its a universal truth but the good part is you get to decide how youre going to mess it up girls will be your friends  theyll act like it anyway but just remember some come some go the ones that stay with you through everything  theyre your true best friends dont let go of them also remember sisters make the best friends in the world as for lovers well theyll come and go too and baby i hate to say it most of them  actually pretty much all of them are going to break your heart but you cant give up because if you give up youll never find your soulmate youll never find that half who makes you whole and that goes for everything just because you fail once doesnt mean youre gonna fail at everything keep trying hold on and always always always believe in yourself because if you dont then who will sweetie so keep your head high keep your chin up and most importantly keep smiling because lifes a beautiful thing and theres so much to smile about”,“this life make matter youre going mess sometimes universal truth good part get decide youre going mess girls friends theyll act like anyway remember come go ones stay everything theyre true best friends dont let go also remember sisters make best friends world lovers well theyll come go baby hate say actually pretty much going break heart cant give give youll never find soulmate youll never find half makes whole goes everything fail doesnt mean youre gonna fail everything keep trying hold always always always believe dont sweetie keep head high keep chin importantly keep smiling lifes beautiful thing theres much smile about”,“thi life make matter your go mess sometim univers truth good part get decid your go mess girl friend theyll act like anyway rememb come go one stay everyth theyr true best friend dont let go also rememb sister make best friend world lover well theyll come go babi hate say actual pretti much go break heart cant give give youll never find soulmat youll never find half make whole goe everyth fail doesnt mean your gonna fail everyth keep tri hold alway alway alway believ dont sweeti keep head high keep chin importantli keep smile life beauti thing there much smile about”
"“It takes a great deal of bravery to stand up to our enemies, but just as much to stand up to our friends.”",J.K. Rowling,html,"“It takes a great deal of bravery to stand up to our enemies, but just as much to stand up to our friends.”","“It takes a great deal of bravery to stand up to our enemies, but just as much to stand up to our friends.”","“it takes a great deal of bravery to stand up to our enemies, but just as much to stand up to our friends.”",“it takes a great deal of bravery to stand up to our enemies but just as much to stand up to our friends”,“it takes great deal bravery stand enemies much stand friends”,“it take great deal braveri stand enemi much stand friends”
"“If you can't explain it to a six year old, you don't understand it yourself.”",Albert Einstein,html,"“If you can't explain it to a six year old, you don't understand it yourself.”","“If you can't explain it to a six year old, you don't understand it yourself.”","“if you can't explain it to a six year old, you don't understand it yourself.”",“if you cant explain it to a six year old you dont understand it yourself”,“if cant explain six year old dont understand yourself”,“if cant explain six year old dont understand yourself”
"“You may not be her first, her last, or her only. She loved before she may love again. But if she loves you now, what else matters? She's not perfect—you aren't either, and the two of you may never be perfect together but if she can make you laugh, cause you to think twice, and admit to being human and making mistakes, hold onto her and give her the most you can. She may not be thinking about you every second of the day, but she will give you a part of her that she knows you can break—her heart. So don't hurt her, don't change her, don't analyze and don't expect more than she can give. Smile when she makes you happy, let her know when she makes you mad, and miss her when she's not there.”",Bob Marley,html,"“You may not be her first, her last, or her only. She loved before she may love again. But if she loves you now, what else matters? She's not perfect—you aren't either, and the two of you may never be perfect together but if she can make you laugh, cause you to think twice, and admit to being human and making mistakes, hold onto her and give her the most you can. She may not be thinking about you every second of the day, but she will give you a part of her that she knows you can break—her heart. So don't hurt her, don't change her, don't analyze and don't expect more than she can give. Smile when she makes you happy, let her know when she makes you mad, and miss her when she's not there.”","“You may not be her first, her last, or her only. She loved before she may love again. But if she loves you now, what else matters? She's not perfect—you aren't either, and the two of you may never be perfect together but if she can make you laugh, cause you to think twice, and admit to being human and making mistakes, hold onto her and give her the most you can. She may not be thinking about you every second of the day, but she will give you a part of her that she knows you can break—her heart. So don't hurt her, don't change her, don't analyze and don't expect more than she can give. Smile when she makes you happy, let her know when she makes you mad, and miss her when she's not there.”","“you may not be her first, her last, or her only. she loved before she may love again. but if she loves you now, what else matters? she's not perfect—you aren't either, and the two of you may never be perfect together but if she can make you laugh, cause you to think twice, and admit to being human and making mistakes, hold onto her and give her the most you can. she may not be thinking about you every second of the day, but she will give you a part of her that she knows you can break—her heart. so don't hurt her, don't change her, don't analyze and don't expect more than she can give. smile when she makes you happy, let her know when she makes you mad, and miss her when she's not there.”",“you may not be her first her last or her only she loved before she may love again but if she loves you now what else matters shes not perfect—you arent either and the two of you may never be perfect together but if she can make you laugh cause you to think twice and admit to being human and making mistakes hold onto her and give her the most you can she may not be thinking about you every second of the day but she will give you a part of her that she knows you can break—her heart so dont hurt her dont change her dont analyze and dont expect more than she can give smile when she makes you happy let her know when she makes you mad and miss her when shes not there”,“you may first last loved may love loves else matters shes perfect—you arent either two may never perfect together make laugh cause think twice admit human making mistakes hold onto give may thinking every second day give part knows break—her heart dont hurt dont change dont analyze dont expect give smile makes happy let know makes mad miss shes there”,“you may first last love may love love els matter she perfect—y arent either two may never perfect togeth make laugh caus think twice admit human make mistak hold onto give may think everi second day give part know break—her heart dont hurt dont chang dont analyz dont expect give smile make happi let know make mad miss she there”
"“I like nonsense, it wakes up the brain cells. Fantasy is a necessary ingredient in living.”",Dr. Seuss,html,"“I like nonsense, it wakes up the brain cells. Fantasy is a necessary ingredient in living.”","“I like nonsense, it wakes up the brain cells. Fantasy is a necessary ingredient in living.”","“i like nonsense, it wakes up the brain cells. fantasy is a necessary ingredient in living.”",“i like nonsense it wakes up the brain cells fantasy is a necessary ingredient in living”,“i like nonsense wakes brain cells fantasy necessary ingredient living”,“i like nonsens wake brain cell fantasi necessari ingredi living”
"“I may not have gone where I intended to go, but I think I have ended up where I needed to be.”",Douglas Adams,html,"“I may not have gone where I intended to go, but I think I have ended up where I needed to be.”","“I may not have gone where I intended to go, but I think I have ended up where I needed to be.”","“i may not have gone where i intended to go, but i think i have ended up where i needed to be.”",“i may not have gone where i intended to go but i think i have ended up where i needed to be”,“i may gone intended go think ended needed be”,“i may gone intend go think end need be”
"“The opposite of love is not hate, it's indifference. The opposite of art is not ugliness, it's indifference. The opposite of faith is not heresy, it's indifference. And the opposite of life is not death, it's indifference.”",Elie Wiesel,html,"“The opposite of love is not hate, it's indifference. The opposite of art is not ugliness, it's indifference. The opposite of faith is not heresy, it's indifference. And the opposite of life is not death, it's indifference.”","“The opposite of love is not hate, it's indifference. The opposite of art is not ugliness, it's indifference. The opposite of faith is not heresy, it's indifference. And the opposite of life is not death, it's indifference.”","“the opposite of love is not hate, it's indifference. the opposite of art is not ugliness, it's indifference. the opposite of faith is not heresy, it's indifference. and the opposite of life is not death, it's indifference.”",“the opposite of love is not hate its indifference the opposite of art is not ugliness its indifference the opposite of faith is not heresy its indifference and the opposite of life is not death its indifference”,“the opposite love hate indifference opposite art ugliness indifference opposite faith heresy indifference opposite life death indifference”,“the opposit love hate indiffer opposit art ugli indiffer opposit faith heresi indiffer opposit life death indifference”
"“It is not a lack of love, but a lack of friendship that makes unhappy marriages.”",Friedrich Nietzsche,html,"“It is not a lack of love, but a lack of friendship that makes unhappy marriages.”","“It is not a lack of love, but a lack of friendship that makes unhappy marriages.”","“it is not a lack of love, but a lack of friendship that makes unhappy marriages.”",“it is not a lack of love but a lack of friendship that makes unhappy marriages”,“it lack love lack friendship makes unhappy marriages”,“it lack love lack friendship make unhappi marriages”
"“Good friends, good books, and a sleepy conscience: this is the ideal life.”",Mark Twain,html,"“Good friends, good books, and a sleepy conscience: this is the ideal life.”","“Good friends, good books, and a sleepy conscience: this is the ideal life.”","“good friends, good books, and a sleepy conscience: this is the ideal life.”",“good friends good books and a sleepy conscience this is the ideal life”,“good friends good books sleepy conscience ideal life”,“good friend good book sleepi conscienc ideal life”
“Life is what happens to us while we are making other plans.”,Allen Saunders,html,“Life is what happens to us while we are making other plans.”,“Life is what happens to us while we are making other plans.”,“life is what happens to us while we are making other plans.”,“life is what happens to us while we are making other plans”,“life happens us making plans”,“life happen us make plans”
"“I love you without knowing how, or when, or from where. I love you simply, without problems or pride: I love you in this way because I do not know any other way of loving but this, in which there is no I or you, so intimate that your hand upon my chest is my hand, so intimate that when I fall asleep your eyes close.”",Pablo Neruda,html,"“I love you without knowing how, or when, or from where. I love you simply, without problems or pride: I love you in this way because I do not know any other way of loving but this, in which there is no I or you, so intimate that your hand upon my chest is my hand, so intimate that when I fall asleep your eyes close.”","“I love you without knowing how, or when, or from where. I love you simply, without problems or pride: I love you in this way because I do not know any other way of loving but this, in which there is no I or you, so intimate that your hand upon my chest is my hand, so intimate that when I fall asleep your eyes close.”","“i love you without knowing how, or when, or from where. i love you simply, without problems or pride: i love you in this way because i do not know any other way of loving but this, in which there is no i or you, so intimate that your hand upon my chest is my hand, so intimate that when i fall asleep your eyes close.”",“i love you without knowing how or when or from where i love you simply without problems or pride i love you in this way because i do not know any other way of loving but this in which there is no i or you so intimate that your hand upon my chest is my hand so intimate that when i fall asleep your eyes close”,“i love without knowing love simply without problems pride love way know way loving intimate hand upon chest hand intimate fall asleep eyes close”,“i love without know love simpli without problem pride love way know way love intim hand upon chest hand intim fall asleep eye close”
“For every minute you are angry you lose sixty seconds of happiness.”,Ralph Waldo Emerson,html,“For every minute you are angry you lose sixty seconds of happiness.”,“For every minute you are angry you lose sixty seconds of happiness.”,“for every minute you are angry you lose sixty seconds of happiness.”,“for every minute you are angry you lose sixty seconds of happiness”,“for every minute angry lose sixty seconds happiness”,“for everi minut angri lose sixti second happiness”
"“If you judge people, you have no time to love them.”",Mother Teresa,html,"“If you judge people, you have no time to love them.”","“If you judge people, you have no time to love them.”","“if you judge people, you have no time to love them.”",“if you judge people you have no time to love them”,“if judge people time love them”,“if judg peopl time love them”
“Anyone who thinks sitting in church can make you a Christian must also think that sitting in a garage can make you a car.”,Garrison Keillor,html,“Anyone who thinks sitting in church can make you a Christian must also think that sitting in a garage can make you a car.”,“Anyone who thinks sitting in church can make you a Christian must also think that sitting in a garage can make you a car.”,“anyone who thinks sitting in church can make you a christian must also think that sitting in a garage can make you a car.”,“anyone who thinks sitting in church can make you a christian must also think that sitting in a garage can make you a car”,“anyone thinks sitting church make christian must also think sitting garage make car”,“anyon think sit church make christian must also think sit garag make car”
“Beauty is in the eye of the beholder and it may be necessary from time to time to give a stupid or misinformed beholder a black eye.”,Jim Henson,html,“Beauty is in the eye of the beholder and it may be necessary from time to time to give a stupid or misinformed beholder a black eye.”,“Beauty is in the eye of the beholder and it may be necessary from time to time to give a stupid or misinformed beholder a black eye.”,“beauty is in the eye of the beholder and it may be necessary from time to time to give a stupid or misinformed beholder a black eye.”,“beauty is in the eye of the beholder and it may be necessary from time to time to give a stupid or misinformed beholder a black eye”,“beauty eye beholder may necessary time time give stupid misinformed beholder black eye”,“beauti eye behold may necessari time time give stupid misinform behold black eye”
"“Today you are You, that is truer than true. There is no one alive who is Youer than You.”",Dr. Seuss,html,"“Today you are You, that is truer than true. There is no one alive who is Youer than You.”","“Today you are You, that is truer than true. There is no one alive who is Youer than You.”","“today you are you, that is truer than true. there is no one alive who is youer than you.”",“today you are you that is truer than true there is no one alive who is youer than you”,“today truer true one alive youer you”,“today truer true one aliv youer you”
"“If you want your children to be intelligent, read them fairy tales. If you want them to be more intelligent, read them more fairy tales.”",Albert Einstein,html,"“If you want your children to be intelligent, read them fairy tales. If you want them to be more intelligent, read them more fairy tales.”","“If you want your children to be intelligent, read them fairy tales. If you want them to be more intelligent, read them more fairy tales.”","“if you want your children to be intelligent, read them fairy tales. if you want them to be more intelligent, read them more fairy tales.”",“if you want your children to be intelligent read them fairy tales if you want them to be more intelligent read them more fairy tales”,“if want children intelligent read fairy tales want intelligent read fairy tales”,“if want children intellig read fairi tale want intellig read fairi tales”
"“It is impossible to live without failing at something, unless you live so cautiously that you might as well not have lived at all - in which case, you fail by default.”",J.K. Rowling,html,"“It is impossible to live without failing at something, unless you live so cautiously that you might as well not have lived at all - in which case, you fail by default.”","“It is impossible to live without failing at something, unless you live so cautiously that you might as well not have lived at all - in which case, you fail by default.”","“it is impossible to live without failing at something, unless you live so cautiously that you might as well not have lived at all - in which case, you fail by default.”",“it is impossible to live without failing at something unless you live so cautiously that you might as well not have lived at all  in which case you fail by default”,“it impossible live without failing something unless live cautiously might well lived case fail default”,“it imposs live without fail someth unless live cautious might well live case fail default”
“Logic will get you from A to Z; imagination will get you everywhere.”,Albert Einstein,html,“Logic will get you from A to Z; imagination will get you everywhere.”,“Logic will get you from A to Z; imagination will get you everywhere.”,“logic will get you from a to z; imagination will get you everywhere.”,“logic will get you from a to z imagination will get you everywhere”,“logic get z imagination get everywhere”,“logic get z imagin get everywhere”
"“One good thing about music, when it hits you, you feel no pain.”",Bob Marley,html,"“One good thing about music, when it hits you, you feel no pain.”","“One good thing about music, when it hits you, you feel no pain.”","“one good thing about music, when it hits you, you feel no pain.”",“one good thing about music when it hits you you feel no pain”,“one good thing music hits feel pain”,“one good thing music hit feel pain”
"“The more that you read, the more things you will know. The more that you learn, the more places you'll go.”",Dr. Seuss,html,"“The more that you read, the more things you will know. The more that you learn, the more places you'll go.”","“The more that you read, the more things you will know. The more that you learn, the more places you'll go.”","“the more that you read, the more things you will know. the more that you learn, the more places you'll go.”",“the more that you read the more things you will know the more that you learn the more places youll go”,“the read things know learn places youll go”,“the read thing know learn place youll go”
"“Of course it is happening inside your head, Harry, but why on earth should that mean that it is not real?”",J.K. Rowling,html,"“Of course it is happening inside your head, Harry, but why on earth should that mean that it is not real?”","“Of course it is happening inside your head, Harry, but why on earth should that mean that it is not real?”","“of course it is happening inside your head, harry, but why on earth should that mean that it is not real?”",“of course it is happening inside your head harry but why on earth should that mean that it is not real”,“of course happening inside head harry earth mean real”,“of cours happen insid head harri earth mean real”
"“The truth is, everyone is going to hurt you. You just got to find the ones worth suffering for.”",Bob Marley,html,"“The truth is, everyone is going to hurt you. You just got to find the ones worth suffering for.”","“The truth is, everyone is going to hurt you. You just got to find the ones worth suffering for.”","“the truth is, everyone is going to hurt you. you just got to find the ones worth suffering for.”",“the truth is everyone is going to hurt you you just got to find the ones worth suffering for”,“the truth everyone going hurt got find ones worth suffering for”,“the truth everyon go hurt got find one worth suffer for”
“Not all of us can do great things. But we can do small things with great love.”,Mother Teresa,html,“Not all of us can do great things. But we can do small things with great love.”,“Not all of us can do great things. But we can do small things with great love.”,“not all of us can do great things. but we can do small things with great love.”,“not all of us can do great things but we can do small things with great love”,“not us great things small things great love”,“not us great thing small thing great love”
"“To the well-organized mind, death is but the next great adventure.”",J.K. Rowling,html,"“To the well-organized mind, death is but the next great adventure.”","“To the well-organized mind, death is but the next great adventure.”","“to the well-organized mind, death is but the next great adventure.”",“to the wellorganized mind death is but the next great adventure”,“to wellorganized mind death next great adventure”,“to wellorgan mind death next great adventure”
“All you need is love. But a little chocolate now and then doesn't hurt.”,Charles M. Schulz,html,“All you need is love. But a little chocolate now and then doesn't hurt.”,“All you need is love. But a little chocolate now and then doesn't hurt.”,“all you need is love. but a little chocolate now and then doesn't hurt.”,“all you need is love but a little chocolate now and then doesnt hurt”,“all need love little chocolate doesnt hurt”,“all need love littl chocol doesnt hurt”
“We read to know we're not alone.”,William Nicholson,html,“We read to know we're not alone.”,“We read to know we're not alone.”,“we read to know we're not alone.”,“we read to know were not alone”,“we read know alone”,“we read know alone”
“Any fool can know. The point is to understand.”,Albert Einstein,html,“Any fool can know. The point is to understand.”,“Any fool can know. The point is to understand.”,“any fool can know. the point is to understand.”,“any fool can know the point is to understand”,“any fool know point understand”,“ani fool know point understand”
“I have always imagined that Paradise will be a kind of library.”,Jorge Luis Borges,html,“I have always imagined that Paradise will be a kind of library.”,“I have always imagined that Paradise will be a kind of library.”,“i have always imagined that paradise will be a kind of library.”,“i have always imagined that paradise will be a kind of library”,“i always imagined paradise kind library”,“i alway imagin paradis kind library”
“It is never too late to be what you might have been.”,George Eliot,html,“It is never too late to be what you might have been.”,“It is never too late to be what you might have been.”,“it is never too late to be what you might have been.”,“it is never too late to be what you might have been”,“it never late might been”,“it never late might been”
"“A reader lives a thousand lives before he dies, said Jojen. The man who never reads lives only one.”",George R.R. Martin,html,"“A reader lives a thousand lives before he dies, said Jojen. The man who never reads lives only one.”","“A reader lives a thousand lives before he dies, said Jojen. The man who never reads lives only one.”","“a reader lives a thousand lives before he dies, said jojen. the man who never reads lives only one.”",“a reader lives a thousand lives before he dies said jojen the man who never reads lives only one”,“a reader lives thousand lives dies said jojen man never reads lives one”,“a reader live thousand live die said jojen man never read live one”
“You can never get a cup of tea large enough or a book long enough to suit me.”,C.S. Lewis,html,“You can never get a cup of tea large enough or a book long enough to suit me.”,“You can never get a cup of tea large enough or a book long enough to suit me.”,“you can never get a cup of tea large enough or a book long enough to suit me.”,“you can never get a cup of tea large enough or a book long enough to suit me”,“you never get cup tea large enough book long enough suit me”,“you never get cup tea larg enough book long enough suit me”
“You believe lies so you eventually learn to trust no one but yourself.”,Marilyn Monroe,html,“You believe lies so you eventually learn to trust no one but yourself.”,“You believe lies so you eventually learn to trust no one but yourself.”,“you believe lies so you eventually learn to trust no one but yourself.”,“you believe lies so you eventually learn to trust no one but yourself”,“you believe lies eventually learn trust one yourself”,“you believ lie eventu learn trust one yourself”
"“If you can make a woman laugh, you can make her do anything.”",Marilyn Monroe,html,"“If you can make a woman laugh, you can make her do anything.”","“If you can make a woman laugh, you can make her do anything.”","“if you can make a woman laugh, you can make her do anything.”",“if you can make a woman laugh you can make her do anything”,“if make woman laugh make anything”,“if make woman laugh make anything”
"“Life is like riding a bicycle. To keep your balance, you must keep moving.”",Albert Einstein,html,"“Life is like riding a bicycle. To keep your balance, you must keep moving.”","“Life is like riding a bicycle. To keep your balance, you must keep moving.”","“life is like riding a bicycle. to keep your balance, you must keep moving.”",“life is like riding a bicycle to keep your balance you must keep moving”,“life like riding bicycle keep balance must keep moving”,“life like ride bicycl keep balanc must keep moving”
“The real lover is the man who can thrill you by kissing your forehead or smiling into your eyes or just staring into space.”,Marilyn Monroe,html,“The real lover is the man who can thrill you by kissing your forehead or smiling into your eyes or just staring into space.”,“The real lover is the man who can thrill you by kissing your forehead or smiling into your eyes or just staring into space.”,“the real lover is the man who can thrill you by kissing your forehead or smiling into your eyes or just staring into space.”,“the real lover is the man who can thrill you by kissing your forehead or smiling into your eyes or just staring into space”,“the real lover man thrill kissing forehead smiling eyes staring space”,“the real lover man thrill kiss forehead smile eye stare space”
"“A wise girl kisses but doesn't love, listens but doesn't believe, and leaves before she is left.”",Marilyn Monroe,html,"“A wise girl kisses but doesn't love, listens but doesn't believe, and leaves before she is left.”","“A wise girl kisses but doesn't love, listens but doesn't believe, and leaves before she is left.”","“a wise girl kisses but doesn't love, listens but doesn't believe, and leaves before she is left.”",“a wise girl kisses but doesnt love listens but doesnt believe and leaves before she is left”,“a wise girl kisses doesnt love listens doesnt believe leaves left”,“a wise girl kiss doesnt love listen doesnt believ leav left”
“Only in the darkness can you see the stars.”,Martin Luther King Jr.,html,“Only in the darkness can you see the stars.”,“Only in the darkness can you see the stars.”,“only in the darkness can you see the stars.”,“only in the darkness can you see the stars”,“only darkness see stars”,“onli dark see stars”
"“It matters not what someone is born, but what they grow to be.”",J.K. Rowling,html,"“It matters not what someone is born, but what they grow to be.”","“It matters not what someone is born, but what they grow to be.”","“it matters not what someone is born, but what they grow to be.”",“it matters not what someone is born but what they grow to be”,“it matters someone born grow be”,“it matter someon born grow be”
"“Love does not begin and end the way we seem to think it does. Love is a battle, love is a war; love is a growing up.”",James Baldwin,html,"“Love does not begin and end the way we seem to think it does. Love is a battle, love is a war; love is a growing up.”","“Love does not begin and end the way we seem to think it does. Love is a battle, love is a war; love is a growing up.”","“love does not begin and end the way we seem to think it does. love is a battle, love is a war; love is a growing up.”",“love does not begin and end the way we seem to think it does love is a battle love is a war love is a growing up”,“love begin end way seem think love battle love war love growing up”,“love begin end way seem think love battl love war love grow up”
Your heart is the size of an ocean. Go find yourself in its hidden depths.,Rumi,api,Your heart is the size of an ocean. Go find yourself in its hidden depths.,Your heart is the size of an ocean. Go find yourself in its hidden depths.,your heart is the size of an ocean. go find yourself in its hidden depths.,your heart is the size of an ocean go find yourself in its hidden depths,heart size ocean go find hidden depths,heart size ocean go find hidden depth
"The Bay of Bengal is hit frequently by cyclones. The months of November and May, in particular, are dangerous in this regard.",Abdul Kalam,api,"The Bay of Bengal is hit frequently by cyclones. The months of November and May, in particular, are dangerous in this regard.","The Bay of Bengal is hit frequently by cyclones. The months of November and May, in particular, are dangerous in this regard.","the bay of bengal is hit frequently by cyclones. the months of november and may, in particular, are dangerous in this regard.",the bay of bengal is hit frequently by cyclones the months of november and may in particular are dangerous in this regard,bay bengal hit frequently cyclones months november may particular dangerous regard,bay bengal hit frequent cyclon month novemb may particular danger regard
"Thinking is the capital, Enterprise is the way, Hard Work is the solution.",Abdul Kalam,api,"Thinking is the capital, Enterprise is the way, Hard Work is the solution.","Thinking is the capital, Enterprise is the way, Hard Work is the solution.","thinking is the capital, enterprise is the way, hard work is the solution.",thinking is the capital enterprise is the way hard work is the solution,thinking capital enterprise way hard work solution,think capit enterpris way hard work solut
"If You Can'T Make It Good, At Least Make It Look Good.",Bill Gates,api,"If You Can'T Make It Good, At Least Make It Look Good.","If You Can'T Make It Good, At Least Make It Look Good.","if you can't make it good, at least make it look good.",if you cant make it good at least make it look good,cant make good least make look good,cant make good least make look good
"Heart be brave. If you cannot be brave, just go. Love's glory is not a small thing.",Rumi,api,"Heart be brave. If you cannot be brave, just go. Love's glory is not a small thing.","Heart be brave. If you cannot be brave, just go. Love's glory is not a small thing.","heart be brave. if you cannot be brave, just go. love's glory is not a small thing.",heart be brave if you cannot be brave just go loves glory is not a small thing,heart brave cannot brave go loves glory small thing,heart brave cannot brave go love glori small thing
It is bad for a young man to sin; but it is worse for an old man to sin.,Abu Bakr (R.A),api,It is bad for a young man to sin; but it is worse for an old man to sin.,It is bad for a young man to sin; but it is worse for an old man to sin.,it is bad for a young man to sin; but it is worse for an old man to sin.,it is bad for a young man to sin but it is worse for an old man to sin,bad young man sin worse old man sin,bad young man sin wors old man sin
"If You Are Out To Describe The Truth, Leave Elegance To The Tailor.",Albert Einstein,api,"If You Are Out To Describe The Truth, Leave Elegance To The Tailor.","If You Are Out To Describe The Truth, Leave Elegance To The Tailor.","if you are out to describe the truth, leave elegance to the tailor.",if you are out to describe the truth leave elegance to the tailor,describe truth leave elegance tailor,describ truth leav eleg tailor
"O man you are busy working for the world, and the world is busy trying to turn you out.",Abu Bakr (R.A),api,"O man you are busy working for the world, and the world is busy trying to turn you out.","O man you are busy working for the world, and the world is busy trying to turn you out.","o man you are busy working for the world, and the world is busy trying to turn you out.",o man you are busy working for the world and the world is busy trying to turn you out,man busy working world world busy trying turn,man busi work world world busi tri turn
"While children are struggling to be unique, the world around them is trying all means to make them look like everybody else.",Abdul Kalam,api,"While children are struggling to be unique, the world around them is trying all means to make them look like everybody else.","While children are struggling to be unique, the world around them is trying all means to make them look like everybody else.","while children are struggling to be unique, the world around them is trying all means to make them look like everybody else.",while children are struggling to be unique the world around them is trying all means to make them look like everybody else,children struggling unique world around trying means make look like everybody else,children struggl uniqu world around tri mean make look like everybodi els
"These Capitalists Generally Act Harmoniously And In Concert, To Fleece The People.",Abraham Lincoln,api,"These Capitalists Generally Act Harmoniously And In Concert, To Fleece The People.","These Capitalists Generally Act Harmoniously And In Concert, To Fleece The People.","these capitalists generally act harmoniously and in concert, to fleece the people.",these capitalists generally act harmoniously and in concert to fleece the people,capitalists generally act harmoniously concert fleece people,capitalist gener act harmoni concert fleec peopl
I Don'T Believe In Failure. It Is Not Failure If You Enjoyed The Process.,Oprah Winfrey,api,I Don'T Believe In Failure. It Is Not Failure If You Enjoyed The Process.,I Don'T Believe In Failure. It Is Not Failure If You Enjoyed The Process.,i don't believe in failure. it is not failure if you enjoyed the process.,i dont believe in failure it is not failure if you enjoyed the process,dont believe failure failure enjoyed process,dont believ failur failur enjoy process
"Do not get elated at any victory, for all such victory is subject to the will of God.",Abu Bakr (R.A),api,"Do not get elated at any victory, for all such victory is subject to the will of God.","Do not get elated at any victory, for all such victory is subject to the will of God.","do not get elated at any victory, for all such victory is subject to the will of god.",do not get elated at any victory for all such victory is subject to the will of god,get elated victory victory subject god,get elat victori victori subject god
Wear gratitude like a cloak and it will feed every corner of your life.,Rumi,api,Wear gratitude like a cloak and it will feed every corner of your life.,Wear gratitude like a cloak and it will feed every corner of your life.,wear gratitude like a cloak and it will feed every corner of your life.,wear gratitude like a cloak and it will feed every corner of your life,wear gratitude like cloak feed every corner life,wear gratitud like cloak feed everi corner life
If you even dream of beating me you'd better wake up and apologize.,Muhammad Ali,api,If you even dream of beating me you'd better wake up and apologize.,If you even dream of beating me you'd better wake up and apologize.,if you even dream of beating me you'd better wake up and apologize.,if you even dream of beating me youd better wake up and apologize,even dream beating youd better wake apologize,even dream beat youd better wake apolog
I Will Praise Any Man That Will Praise Me.,William Shakespeare,api,I Will Praise Any Man That Will Praise Me.,I Will Praise Any Man That Will Praise Me.,i will praise any man that will praise me.,i will praise any man that will praise me,praise man praise,prais man prais
One Of The Greatest Diseases Is To Be Nobody To Anybody.,Mother Teresa,api,One Of The Greatest Diseases Is To Be Nobody To Anybody.,One Of The Greatest Diseases Is To Be Nobody To Anybody.,one of the greatest diseases is to be nobody to anybody.,one of the greatest diseases is to be nobody to anybody,one greatest diseases nobody anybody,one greatest diseas nobodi anybodi
I'm so fast that last night I turned off the light switch in my hotel room and was in bed before the room was dark.,Muhammad Ali,api,I'm so fast that last night I turned off the light switch in my hotel room and was in bed before the room was dark.,I'm so fast that last night I turned off the light switch in my hotel room and was in bed before the room was dark.,i'm so fast that last night i turned off the light switch in my hotel room and was in bed before the room was dark.,im so fast that last night i turned off the light switch in my hotel room and was in bed before the room was dark,im fast last night turned light switch hotel room bed room dark,im fast last night turn light switch hotel room bed room dark
"People Must Learn To Hate And If They Can Learn To Hate, They Can Be Taught To Love.",Nelson Mandela,api,"People Must Learn To Hate And If They Can Learn To Hate, They Can Be Taught To Love.","People Must Learn To Hate And If They Can Learn To Hate, They Can Be Taught To Love.","people must learn to hate and if they can learn to hate, they can be taught to love.",people must learn to hate and if they can learn to hate they can be taught to love,people must learn hate learn hate taught love,peopl must learn hate learn hate taught love
"Everyone has been made for some particular work, and the desire for that work has been put in every heart.",Rumi,api,"Everyone has been made for some particular work, and the desire for that work has been put in every heart.","Everyone has been made for some particular work, and the desire for that work has been put in every heart.","everyone has been made for some particular work, and the desire for that work has been put in every heart.",everyone has been made for some particular work and the desire for that work has been put in every heart,everyone made particular work desire work put every heart,everyon made particular work desir work put everi heart
"The less of the World, the freer you live.",Umar ibn Al-Khattāb (R.A),api,"The less of the World, the freer you live.","The less of the World, the freer you live.","the less of the world, the freer you live.",the less of the world the freer you live,less world freer live,less world freer live
Respond to every call that excites your spirit.,Rumi,api,Respond to every call that excites your spirit.,Respond to every call that excites your spirit.,respond to every call that excites your spirit.,respond to every call that excites your spirit,respond every call excites spirit,respond everi call excit spirit
The Way To Get Started Is To Quit Talking And Begin Doing.,Walt Disney,api,The Way To Get Started Is To Quit Talking And Begin Doing.,The Way To Get Started Is To Quit Talking And Begin Doing.,the way to get started is to quit talking and begin doing.,the way to get started is to quit talking and begin doing,way get started quit talking begin,way get start quit talk begin
"God Doesn'T Require Us To Succeed, He Only Requires That You Try.",Mother Teresa,api,"God Doesn'T Require Us To Succeed, He Only Requires That You Try.","God Doesn'T Require Us To Succeed, He Only Requires That You Try.","god doesn't require us to succeed, he only requires that you try.",god doesnt require us to succeed he only requires that you try,god doesnt require us succeed requires try,god doesnt requir us succeed requir tri
"Speak any language, Turkish, Greek, Persian, Arabic, but always speak with love.",Rumi,api,"Speak any language, Turkish, Greek, Persian, Arabic, but always speak with love.","Speak any language, Turkish, Greek, Persian, Arabic, but always speak with love.","speak any language, turkish, greek, persian, arabic, but always speak with love.",speak any language turkish greek persian arabic but always speak with love,speak language turkish greek persian arabic always speak love,speak languag turkish greek persian arab alway speak love
Happiness comes towards those which believe in him.,Ali ibn Abi Talib (R.A),api,Happiness comes towards those which believe in him.,Happiness comes towards those which believe in him.,happiness comes towards those which believe in him.,happiness comes towards those which believe in him,happiness comes towards believe,happi come toward believ
Knowledge is of two kinds: that which is absorbed and that which is heard. And that which is heard does not profit if it is not absorbed.,Ali ibn Abi Talib (R.A),api,Knowledge is of two kinds: that which is absorbed and that which is heard. And that which is heard does not profit if it is not absorbed.,Knowledge is of two kinds: that which is absorbed and that which is heard. And that which is heard does not profit if it is not absorbed.,knowledge is of two kinds: that which is absorbed and that which is heard. and that which is heard does not profit if it is not absorbed.,knowledge is of two kinds that which is absorbed and that which is heard and that which is heard does not profit if it is not absorbed,knowledge two kinds absorbed heard heard profit absorbed,knowledg two kind absorb heard heard profit absorb
"When I am silent, I have thunder hidden inside.",Rumi,api,"When I am silent, I have thunder hidden inside.","When I am silent, I have thunder hidden inside.","when i am silent, i have thunder hidden inside.",when i am silent i have thunder hidden inside,silent thunder hidden inside,silent thunder hidden insid
Technological Progress Is Like An Axe In The Hands Of A Pathological Criminal.,Albert Einstein,api,Technological Progress Is Like An Axe In The Hands Of A Pathological Criminal.,Technological Progress Is Like An Axe In The Hands Of A Pathological Criminal.,technological progress is like an axe in the hands of a pathological criminal.,technological progress is like an axe in the hands of a pathological criminal,technological progress like axe hands pathological criminal,technolog progress like axe hand patholog crimin
No One Would Choose A Friendless Existence On Condition Of Having All The Other Things In The World.,Aristotle,api,No One Would Choose A Friendless Existence On Condition Of Having All The Other Things In The World.,No One Would Choose A Friendless Existence On Condition Of Having All The Other Things In The World.,no one would choose a friendless existence on condition of having all the other things in the world.,no one would choose a friendless existence on condition of having all the other things in the world,one would choose friendless existence condition things world,one would choos friendless exist condit thing world
"Life is a gamble. You can get hurt, but people die in plane crashes, lose their arms and legs in car accidents; people die every day. Same with fighters: some die, some get hurt, some go on. You just don't let yourself believe it will happen to you.",Muhammad Ali,api,"Life is a gamble. You can get hurt, but people die in plane crashes, lose their arms and legs in car accidents; people die every day. Same with fighters: some die, some get hurt, some go on. You just don't let yourself believe it will happen to you.","Life is a gamble. You can get hurt, but people die in plane crashes, lose their arms and legs in car accidents; people die every day. Same with fighters: some die, some get hurt, some go on. You just don't let yourself believe it will happen to you.","life is a gamble. you can get hurt, but people die in plane crashes, lose their arms and legs in car accidents; people die every day. same with fighters: some die, some get hurt, some go on. you just don't let yourself believe it will happen to you.",life is a gamble you can get hurt but people die in plane crashes lose their arms and legs in car accidents people die every day same with fighters some die some get hurt some go on you just dont let yourself believe it will happen to you,life gamble get hurt people die plane crashes lose arms legs car accidents people die every day fighters die get hurt go dont let believe happen,life gambl get hurt peopl die plane crash lose arm leg car accid peopl die everi day fighter die get hurt go dont let believ happen
"The End Of Life Is To Be Like God, And The Soul Following God Will Be Like Him.",Socrates,api,"The End Of Life Is To Be Like God, And The Soul Following God Will Be Like Him.","The End Of Life Is To Be Like God, And The Soul Following God Will Be Like Him.","the end of life is to be like god, and the soul following god will be like him.",the end of life is to be like god and the soul following god will be like him,end life like god soul following god like,end life like god soul follow god like
Let us sacrifice our today so that our children can have a better tomorrow.,Abdul Kalam,api,Let us sacrifice our today so that our children can have a better tomorrow.,Let us sacrifice our today so that our children can have a better tomorrow.,let us sacrifice our today so that our children can have a better tomorrow.,let us sacrifice our today so that our children can have a better tomorrow,let us sacrifice today children better tomorrow,let us sacrific today children better tomorrow
"Your task is not to seek for love, but merely to seek and find all the barriers within yourself that you have built against it.",Rumi,api,"Your task is not to seek for love, but merely to seek and find all the barriers within yourself that you have built against it.","Your task is not to seek for love, but merely to seek and find all the barriers within yourself that you have built against it.","your task is not to seek for love, but merely to seek and find all the barriers within yourself that you have built against it.",your task is not to seek for love but merely to seek and find all the barriers within yourself that you have built against it,task seek love merely seek find barriers within built,task seek love mere seek find barrier within built
"In every religion there is love, yet love has no religion.",Rumi,api,"In every religion there is love, yet love has no religion.","In every religion there is love, yet love has no religion.","in every religion there is love, yet love has no religion.",in every religion there is love yet love has no religion,every religion love yet love religion,everi religion love yet love religion
Everything in the universe is within you. Ask all from yourself.,Rumi,api,Everything in the universe is within you. Ask all from yourself.,Everything in the universe is within you. Ask all from yourself.,everything in the universe is within you. ask all from yourself.,everything in the universe is within you ask all from yourself,everything universe within ask,everyth univers within ask
"I'm not a handsome guy, but I can give my hand to someone who needs help. Beauty is in the heart, not in the face.",Abdul Kalam,api,"I'm not a handsome guy, but I can give my hand to someone who needs help. Beauty is in the heart, not in the face.","I'm not a handsome guy, but I can give my hand to someone who needs help. Beauty is in the heart, not in the face.","i'm not a handsome guy, but i can give my hand to someone who needs help. beauty is in the heart, not in the face.",im not a handsome guy but i can give my hand to someone who needs help beauty is in the heart not in the face,im handsome guy give hand someone needs help beauty heart face,im handsom guy give hand someon need help beauti heart face
"What Do I Wear In Bed? Why, Chanel No. 5, Of Course.",Marilyn Monroe,api,"What Do I Wear In Bed? Why, Chanel No. 5, Of Course.","What Do I Wear In Bed? Why, Chanel No. 5, Of Course.","what do i wear in bed? why, chanel no. 5, of course.",what do i wear in bed why chanel no 5 of course,wear bed chanel 5 course,wear bed chanel 5 cours
A Good Head And A Good Heart Are Always A Formidable Combination.,Nelson Mandela,api,A Good Head And A Good Heart Are Always A Formidable Combination.,A Good Head And A Good Heart Are Always A Formidable Combination.,a good head and a good heart are always a formidable combination.,a good head and a good heart are always a formidable combination,good head good heart always formidable combination,good head good heart alway formid combin
The Soul Never Thinks Without A Picture.,Aristotle,api,The Soul Never Thinks Without A Picture.,The Soul Never Thinks Without A Picture.,the soul never thinks without a picture.,the soul never thinks without a picture,soul never thinks without picture,soul never think without pictur
"In your light I learn how to love. In your beauty, how to make poems. You dance inside my chest where no-one sees you, but sometimes I do, and that sight becomes this art.",Rumi,api,"In your light I learn how to love. In your beauty, how to make poems. You dance inside my chest where no-one sees you, but sometimes I do, and that sight becomes this art.","In your light I learn how to love. In your beauty, how to make poems. You dance inside my chest where no-one sees you, but sometimes I do, and that sight becomes this art.","in your light i learn how to love. in your beauty, how to make poems. you dance inside my chest where no-one sees you, but sometimes i do, and that sight becomes this art.",in your light i learn how to love in your beauty how to make poems you dance inside my chest where noone sees you but sometimes i do and that sight becomes this art,light learn love beauty make poems dance inside chest noone sees sometimes sight becomes art,light learn love beauti make poem danc insid chest noon see sometim sight becom art
Let the beauty we love be what we do. There are hundreds of ways to kneel and kiss the ground.,Rumi,api,Let the beauty we love be what we do. There are hundreds of ways to kneel and kiss the ground.,Let the beauty we love be what we do. There are hundreds of ways to kneel and kiss the ground.,let the beauty we love be what we do. there are hundreds of ways to kneel and kiss the ground.,let the beauty we love be what we do there are hundreds of ways to kneel and kiss the ground,let beauty love hundreds ways kneel kiss ground,let beauti love hundr way kneel kiss ground
"If You Like Your Brother And He'S Prospering, You'Ll Be Pleased For Him.",Hamad Bin Isa Al Khalifa,api,"If You Like Your Brother And He'S Prospering, You'Ll Be Pleased For Him.","If You Like Your Brother And He'S Prospering, You'Ll Be Pleased For Him.","if you like your brother and he's prospering, you'll be pleased for him.",if you like your brother and hes prospering youll be pleased for him,like brother hes prospering youll pleased,like brother he prosper youll pleas
Success Is Dependent Upon The Glands - Sweat Glands.,Zig Ziglar,api,Success Is Dependent Upon The Glands - Sweat Glands.,Success Is Dependent Upon The Glands - Sweat Glands.,success is dependent upon the glands - sweat glands.,success is dependent upon the glands  sweat glands,success dependent upon glands sweat glands,success depend upon gland sweat gland
"Champions are not generated from the championship. Champion is generated from something they have in them, desires, dreams, and visions.",Muhammad Ali,api,"Champions are not generated from the championship. Champion is generated from something they have in them, desires, dreams, and visions.","Champions are not generated from the championship. Champion is generated from something they have in them, desires, dreams, and visions.","champions are not generated from the championship. champion is generated from something they have in them, desires, dreams, and visions.",champions are not generated from the championship champion is generated from something they have in them desires dreams and visions,champions generated championship champion generated something desires dreams visions,champion gener championship champion gener someth desir dream vision
"No matter what is the environment around you, it is always possible to maintain your brand of integrity.",Abdul Kalam,api,"No matter what is the environment around you, it is always possible to maintain your brand of integrity.","No matter what is the environment around you, it is always possible to maintain your brand of integrity.","no matter what is the environment around you, it is always possible to maintain your brand of integrity.",no matter what is the environment around you it is always possible to maintain your brand of integrity,matter environment around always possible maintain brand integrity,matter environ around alway possibl maintain brand integr
Applause Waits On Success.,Benjamin Franklin,api,Applause Waits On Success.,Applause Waits On Success.,applause waits on success.,applause waits on success,applause waits success,applaus wait success
"Just As Courage Imperils Life, Fear Protects It.",Leonardo Da Vinci,api,"Just As Courage Imperils Life, Fear Protects It.","Just As Courage Imperils Life, Fear Protects It.","just as courage imperils life, fear protects it.",just as courage imperils life fear protects it,courage imperils life fear protects,courag imperil life fear protect
It'S Better To Be A Lion For A Day Than A Sheep All Your Life.,Elizabeth Kenny,api,It'S Better To Be A Lion For A Day Than A Sheep All Your Life.,It'S Better To Be A Lion For A Day Than A Sheep All Your Life.,it's better to be a lion for a day than a sheep all your life.,its better to be a lion for a day than a sheep all your life,better lion day sheep life,better lion day sheep life
The Devil'S Voice Is Sweet To Hear.,Stephen King,api,The Devil'S Voice Is Sweet To Hear.,The Devil'S Voice Is Sweet To Hear.,the devil's voice is sweet to hear.,the devils voice is sweet to hear,devils voice sweet hear,devil voic sweet hear
"Sometimes the people with the worst past, create the best future.",Umar ibn Al-Khattāb (R.A),api,"Sometimes the people with the worst past, create the best future.","Sometimes the people with the worst past, create the best future.","sometimes the people with the worst past, create the best future.",sometimes the people with the worst past create the best future,sometimes people worst past create best future,sometim peopl worst past creat best futur
